Gene	RefSeq_transcript	Reason
ABCC12	NM_001393797	Not_found_in_canonical_GTF_exon_records
ABTB3	NM_001018072	Not_found_in_canonical_GTF_exon_records
ACTMAP	NM_198476	Not_found_in_canonical_GTF_exon_records
ADGRD2	NM_001395425	Not_found_in_canonical_GTF_exon_records
ADIG	NM_001393816	Not_found_in_canonical_GTF_exon_records
ADISSP	NM_001258429	Not_found_in_canonical_GTF_exon_records
ADPRHL1	NM_001394807	Not_found_in_canonical_GTF_exon_records
AFG2A	NM_145207	Not_found_in_canonical_GTF_exon_records
AFG2B	NM_024063	Not_found_in_canonical_GTF_exon_records
AIRIM	NM_001350770	Not_found_in_canonical_GTF_exon_records
AKR1C2	NM_001393392	Not_found_in_canonical_GTF_exon_records
AKR1C8	NM_001395972	Not_found_in_canonical_GTF_exon_records
ALDH3B2	NM_001393402	Not_found_in_canonical_GTF_exon_records
ANKRD18B	NM_001393611	Not_found_in_canonical_GTF_exon_records
ANKRD24	NM_001393985	Not_found_in_canonical_GTF_exon_records
ANKRD36B	NM_001393939	Not_found_in_canonical_GTF_exon_records
ANKRD36C	NM_001393982	Not_found_in_canonical_GTF_exon_records
APOBEC3A_B	NM_001193289	Not_found_in_canonical_GTF_exon_records
AQP7B	NM_001382497	Not_found_in_canonical_GTF_exon_records
ARB2A	NM_032042	Not_found_in_canonical_GTF_exon_records
ARK2C	NM_152470	Not_found_in_canonical_GTF_exon_records
ARK2N	NM_145055	Not_found_in_canonical_GTF_exon_records
ATAT1	NM_001413067	Not_found_in_canonical_GTF_exon_records
ATF7IP2	NM_001393719	Not_found_in_canonical_GTF_exon_records
ATOSA	NM_001385016	Not_found_in_canonical_GTF_exon_records
ATOSB	NM_025182	Not_found_in_canonical_GTF_exon_records
ATP5MJ	NM_004894	Not_found_in_canonical_GTF_exon_records
ATP5MK	NM_001206427	Not_found_in_canonical_GTF_exon_records
ATPAF1	NM_001394565	Not_found_in_canonical_GTF_exon_records
ATXN8OS	NR_185841	Not_found_in_canonical_GTF_exon_records
BBLN	NM_024112	Not_found_in_canonical_GTF_exon_records
BICRA	NM_001394372	Not_found_in_canonical_GTF_exon_records
BICRAL	NM_001393499	Not_found_in_canonical_GTF_exon_records
BLACAT1	NM_001397426	Not_found_in_canonical_GTF_exon_records
BLTP1	NM_001384125	Not_found_in_canonical_GTF_exon_records
BLTP2	NM_014680	Not_found_in_canonical_GTF_exon_records
BLTP3A	NM_017754	Not_found_in_canonical_GTF_exon_records
BLTP3B	NM_015054	Not_found_in_canonical_GTF_exon_records
BMAL1	NM_001297719	Not_found_in_canonical_GTF_exon_records
BMAL2	NM_020183	Not_found_in_canonical_GTF_exon_records
BRD10	NM_001017969	Not_found_in_canonical_GTF_exon_records
C12orf76	NM_001389625	Not_found_in_canonical_GTF_exon_records
C17orf114	NM_001395223	Not_found_in_canonical_GTF_exon_records
C1orf202	NM_001395959	Not_found_in_canonical_GTF_exon_records
C20orf202	NM_001394958	Not_found_in_canonical_GTF_exon_records
C21orf140	NM_001282537	Not_found_in_canonical_GTF_exon_records
C2CD4D	NM_001394591	Not_found_in_canonical_GTF_exon_records
C4B_2	NM_001242823	Not_found_in_canonical_GTF_exon_records
C7orf78	NM_001386514	Not_found_in_canonical_GTF_exon_records
C8orf90	NM_001395960	Not_found_in_canonical_GTF_exon_records
CASP12	NM_001191016	Not_found_in_canonical_GTF_exon_records
CBARP	NM_001393918	Not_found_in_canonical_GTF_exon_records
CCAR2	NM_001393997	Not_found_in_canonical_GTF_exon_records
CCDC149	NM_001395273	Not_found_in_canonical_GTF_exon_records
CCDC158	NM_001394954	Not_found_in_canonical_GTF_exon_records
CCDC190	NM_001394065	Not_found_in_canonical_GTF_exon_records
CCDC194	NM_001395222	Not_found_in_canonical_GTF_exon_records
CCDC195	NM_001395236	Not_found_in_canonical_GTF_exon_records
CCDC201	NM_001395235	Not_found_in_canonical_GTF_exon_records
CCDC30	NM_001395517	Not_found_in_canonical_GTF_exon_records
CCDC57	NM_001394669	Not_found_in_canonical_GTF_exon_records
CCDC7	NM_001395015	Not_found_in_canonical_GTF_exon_records
CCL4L1	NM_207007	Not_found_in_canonical_GTF_exon_records
CCNA1	NM_001413923	Not_found_in_canonical_GTF_exon_records
CCR5	NM_001394783	Not_found_in_canonical_GTF_exon_records
CD24	NM_001359084	Not_found_in_canonical_GTF_exon_records
CDC42BPA	NM_001394014	Not_found_in_canonical_GTF_exon_records
CDKL4	NM_001397900	Not_found_in_canonical_GTF_exon_records
CEACAM18	NM_001405061	Not_found_in_canonical_GTF_exon_records
CEP15	NM_001291941	Not_found_in_canonical_GTF_exon_records
CFAP107	NM_152290	Not_found_in_canonical_GTF_exon_records
CFAP119	NM_001014979	Not_found_in_canonical_GTF_exon_records
CFAP141	NM_001010979	Not_found_in_canonical_GTF_exon_records
CFAP144	NM_001101376	Not_found_in_canonical_GTF_exon_records
CFAP184	NM_153376	Not_found_in_canonical_GTF_exon_records
CFAP20DC	NM_001394063	Not_found_in_canonical_GTF_exon_records
CFAP210	NM_001085447	Not_found_in_canonical_GTF_exon_records
CFAP263	NM_014157	Not_found_in_canonical_GTF_exon_records
CFAP276	NM_001245025	Not_found_in_canonical_GTF_exon_records
CFAP418	NM_177965	Not_found_in_canonical_GTF_exon_records
CFAP68	NM_022761	Not_found_in_canonical_GTF_exon_records
CFAP90	NM_001089584	Not_found_in_canonical_GTF_exon_records
CFAP92	NM_001394090	Not_found_in_canonical_GTF_exon_records
CFAP95	NM_001010940	Not_found_in_canonical_GTF_exon_records
CFAP96	NM_001114357	Not_found_in_canonical_GTF_exon_records
CFAP97D2	NM_001395229	Not_found_in_canonical_GTF_exon_records
CHCT1	NM_181707	Not_found_in_canonical_GTF_exon_records
CHD9NB	NM_001396020	Not_found_in_canonical_GTF_exon_records
CIDEB	NM_001393339	Not_found_in_canonical_GTF_exon_records
CIMAP1A	NM_053280	Not_found_in_canonical_GTF_exon_records
CIMAP1B	NM_001014440	Not_found_in_canonical_GTF_exon_records
CIMAP1C	NM_175881	Not_found_in_canonical_GTF_exon_records
CIMAP1D	NM_182577	Not_found_in_canonical_GTF_exon_records
CIMAP2	NM_001110533	Not_found_in_canonical_GTF_exon_records
CIMAP3	NM_181643	Not_found_in_canonical_GTF_exon_records
CIMIP1	NM_178456	Not_found_in_canonical_GTF_exon_records
CIMIP2A	NM_001001710	Not_found_in_canonical_GTF_exon_records
CIMIP2B	NM_001164310	Not_found_in_canonical_GTF_exon_records
CIMIP2C	NM_001105519	Not_found_in_canonical_GTF_exon_records
CIMIP3	NM_001384994	Not_found_in_canonical_GTF_exon_records
CIMIP4	NM_001163857	Not_found_in_canonical_GTF_exon_records
CIMIP5	NM_001371321	Not_found_in_canonical_GTF_exon_records
CIMIP6	NM_001100396	Not_found_in_canonical_GTF_exon_records
CIMIP7	NM_001080528	Not_found_in_canonical_GTF_exon_records
CIROP	NM_001354640	Not_found_in_canonical_GTF_exon_records
CIST1	NM_001396036	Not_found_in_canonical_GTF_exon_records
CISTR	NR_186108	Not_found_in_canonical_GTF_exon_records
CLASP1	NM_001395891	Not_found_in_canonical_GTF_exon_records
CLEC20A	NM_001395331	Not_found_in_canonical_GTF_exon_records
CLUL1	NM_001393344	Not_found_in_canonical_GTF_exon_records
CLXN	NM_024593	Not_found_in_canonical_GTF_exon_records
CMKLR2	NM_001389445	Not_found_in_canonical_GTF_exon_records
CNPY1	NM_001393663	Not_found_in_canonical_GTF_exon_records
CPHXL2	NM_001395862	Not_found_in_canonical_GTF_exon_records
CRACD	NM_001393381	Not_found_in_canonical_GTF_exon_records
CRIPTO	NM_003212	Not_found_in_canonical_GTF_exon_records
CRIPTO3	NM_001397362	Not_found_in_canonical_GTF_exon_records
CSAG2	NM_001395334	Not_found_in_canonical_GTF_exon_records
CSAG3	NM_001129826	Not_found_in_canonical_GTF_exon_records
CSN3	NM_001394997	Not_found_in_canonical_GTF_exon_records
CSNK2A2IP	NM_001368165	Not_found_in_canonical_GTF_exon_records
CSTPP1	NM_024113	Not_found_in_canonical_GTF_exon_records
CT45A2	NM_152582	Not_found_in_canonical_GTF_exon_records
CT45A6	NM_001017438	Not_found_in_canonical_GTF_exon_records
CT45A7	NM_001394668	Not_found_in_canonical_GTF_exon_records
CT47C1	NM_001396132	Not_found_in_canonical_GTF_exon_records
DAB2IP	NM_001395010	Not_found_in_canonical_GTF_exon_records
DAZ2	NM_001389303	Not_found_in_canonical_GTF_exon_records
DAZ4	NM_001388484	Not_found_in_canonical_GTF_exon_records
DCLK3	NM_001394672	Not_found_in_canonical_GTF_exon_records
DNAAF10	NM_138458	Not_found_in_canonical_GTF_exon_records
DNAAF11	NM_012472	Not_found_in_canonical_GTF_exon_records
DNAAF8	NM_139170	Not_found_in_canonical_GTF_exon_records
DNAAF9	NM_001009984	Not_found_in_canonical_GTF_exon_records
DNAI7	NM_018272	Not_found_in_canonical_GTF_exon_records
DPEP1	NM_001389466	Not_found_in_canonical_GTF_exon_records
DRC12	NM_001145018	Not_found_in_canonical_GTF_exon_records
DUSP13A	NM_001007271	Not_found_in_canonical_GTF_exon_records
DUSP13B	NM_001363514	Not_found_in_canonical_GTF_exon_records
DUX4	NM_001306068	Not_found_in_canonical_GTF_exon_records
DYRK4	NM_001394779	Not_found_in_canonical_GTF_exon_records
EBF4	NM_001395167	Not_found_in_canonical_GTF_exon_records
EBLN1	NM_001394757	Not_found_in_canonical_GTF_exon_records
EEIG1	NM_001035254	Not_found_in_canonical_GTF_exon_records
EEIG2	NM_001010883	Not_found_in_canonical_GTF_exon_records
EIF4G3	NM_001391906	Not_found_in_canonical_GTF_exon_records
EMC3	NM_001394674	Not_found_in_canonical_GTF_exon_records
ENTREP1	NM_001347995	Not_found_in_canonical_GTF_exon_records
ENTREP2	NM_015307	Not_found_in_canonical_GTF_exon_records
ENTREP3	NM_006589	Not_found_in_canonical_GTF_exon_records
EPCIP	NM_001162495	Not_found_in_canonical_GTF_exon_records
ERVK3-1	NM_001396080	Not_found_in_canonical_GTF_exon_records
FALEC	NR_186305	Not_found_in_canonical_GTF_exon_records
FAM149A	NM_001395294	Not_found_in_canonical_GTF_exon_records
FAM153A	NM_001413826	Not_found_in_canonical_GTF_exon_records
FAM177B	NM_001394345	Not_found_in_canonical_GTF_exon_records
FAM200C	NM_022090	Not_found_in_canonical_GTF_exon_records
FAM240B	NM_001394922	Not_found_in_canonical_GTF_exon_records
FAM246A	NM_001396025	Not_found_in_canonical_GTF_exon_records
FAM246B	NM_001396026	Not_found_in_canonical_GTF_exon_records
FAM72C	NM_001287385	Not_found_in_canonical_GTF_exon_records
FAM83A	NM_001394396	Not_found_in_canonical_GTF_exon_records
FAM90A10	NM_001164447	Not_found_in_canonical_GTF_exon_records
FAM90A11	NM_001423539	Not_found_in_canonical_GTF_exon_records
FAM90A12	NM_001423531	Not_found_in_canonical_GTF_exon_records
FAM90A13	NM_001423526	Not_found_in_canonical_GTF_exon_records
FAM90A14	NM_001164452	Not_found_in_canonical_GTF_exon_records
FAM90A15	NM_001423538	Not_found_in_canonical_GTF_exon_records
FAM90A16	NM_001397396	Not_found_in_canonical_GTF_exon_records
FAM90A17	NM_001397391	Not_found_in_canonical_GTF_exon_records
FAM90A18	NM_001164451	Not_found_in_canonical_GTF_exon_records
FAM90A19	NM_001164449	Not_found_in_canonical_GTF_exon_records
FAM90A20	NM_001423532	Not_found_in_canonical_GTF_exon_records
FAM90A22	NM_001397382	Not_found_in_canonical_GTF_exon_records
FAM90A23	NM_001397380	Not_found_in_canonical_GTF_exon_records
FAM90A24	NM_001423530	Not_found_in_canonical_GTF_exon_records
FAM90A3	NM_001423528	Not_found_in_canonical_GTF_exon_records
FAM90A5	NM_001423529	Not_found_in_canonical_GTF_exon_records
FAM90A7	NM_001397387	Not_found_in_canonical_GTF_exon_records
FAM90A8	NM_001164450	Not_found_in_canonical_GTF_exon_records
FAM90A9	NM_001164448	Not_found_in_canonical_GTF_exon_records
FBXL13	NM_001394494	Not_found_in_canonical_GTF_exon_records
FBXW10B	NM_006382	Not_found_in_canonical_GTF_exon_records
FCGR2B	NM_001394477	Not_found_in_canonical_GTF_exon_records
FDX2	NM_001397406	Not_found_in_canonical_GTF_exon_records
FERRY3	NM_020374	Not_found_in_canonical_GTF_exon_records
FHAD1	NM_001391957	Not_found_in_canonical_GTF_exon_records
FHIP1A	NM_001109977	Not_found_in_canonical_GTF_exon_records
FHIP1B	NM_001098794	Not_found_in_canonical_GTF_exon_records
FHIP2A	NM_020940	Not_found_in_canonical_GTF_exon_records
FHIP2B	NM_022749	Not_found_in_canonical_GTF_exon_records
FIRRM	NM_001320047	Not_found_in_canonical_GTF_exon_records
FKBP1C	NM_001395980	Not_found_in_canonical_GTF_exon_records
FREY1	NM_001080446	Not_found_in_canonical_GTF_exon_records
FRMPD3	NM_001388459	Not_found_in_canonical_GTF_exon_records
G6PC1	NM_000151	Not_found_in_canonical_GTF_exon_records
GARIN1A	NM_001128926	Not_found_in_canonical_GTF_exon_records
GARIN1B	NM_001282788	Not_found_in_canonical_GTF_exon_records
GARIN2	NM_001395907	Not_found_in_canonical_GTF_exon_records
GARIN3	NM_130899	Not_found_in_canonical_GTF_exon_records
GARIN4	NM_153606	Not_found_in_canonical_GTF_exon_records
GARIN5A	NM_001308429	Not_found_in_canonical_GTF_exon_records
GARIN5B	NM_001145402	Not_found_in_canonical_GTF_exon_records
GARIN6	NM_153364	Not_found_in_canonical_GTF_exon_records
GATD3	NM_004649	Not_found_in_canonical_GTF_exon_records
GBA1	NM_000157	Not_found_in_canonical_GTF_exon_records
GBA3	NM_020973	Not_found_in_canonical_GTF_exon_records
GK3	NM_001395953	Not_found_in_canonical_GTF_exon_records
GLYATL1	NM_001389712	Not_found_in_canonical_GTF_exon_records
GNAS-AS1	NR_185847	Not_found_in_canonical_GTF_exon_records
GNG5B	NM_001396022	Not_found_in_canonical_GTF_exon_records
GOLGA3	NM_001389683	Not_found_in_canonical_GTF_exon_records
GOLGA6L22	NM_001396956	Not_found_in_canonical_GTF_exon_records
GOLGA6L24	NM_001394758	Not_found_in_canonical_GTF_exon_records
GOLGA6L25	NM_001365373	Not_found_in_canonical_GTF_exon_records
GOLGA6L26	NM_001382446	Not_found_in_canonical_GTF_exon_records
GOLGA8S	NM_001395373	Not_found_in_canonical_GTF_exon_records
GPATCH4	NM_001396855	Not_found_in_canonical_GTF_exon_records
GPR15LG	NM_207373	Not_found_in_canonical_GTF_exon_records
GPR61	NM_001393907	Not_found_in_canonical_GTF_exon_records
GPRASP3	NM_001142524	Not_found_in_canonical_GTF_exon_records
GREP1	NM_001396456	Not_found_in_canonical_GTF_exon_records
GRIFIN	NM_001394787	Not_found_in_canonical_GTF_exon_records
GSTT2	NM_000854	Not_found_in_canonical_GTF_exon_records
GTF2H2C_2	NM_001354437	Not_found_in_canonical_GTF_exon_records
H2AC25	NM_033445	Not_found_in_canonical_GTF_exon_records
H2AL3	NM_001395555	Not_found_in_canonical_GTF_exon_records
H2BC12L	NM_017445	Not_found_in_canonical_GTF_exon_records
H2BC26	NM_175055	Not_found_in_canonical_GTF_exon_records
H2BK1	NM_001369125	Not_found_in_canonical_GTF_exon_records
H2BN1	NM_001401340	Not_found_in_canonical_GTF_exon_records
H2BW2	NM_001388464	Not_found_in_canonical_GTF_exon_records
H3-7	NM_001372105	Not_found_in_canonical_GTF_exon_records
H4C16	NM_175054	Not_found_in_canonical_GTF_exon_records
HAPSTR1	NM_014117	Not_found_in_canonical_GTF_exon_records
HAPSTR2	NM_001271560	Not_found_in_canonical_GTF_exon_records
HEPN1	NM_001037558	Not_found_in_canonical_GTF_exon_records
HLA-DRB3	NM_022555	Not_found_in_canonical_GTF_exon_records
HLA-DRB4	NM_021983	Not_found_in_canonical_GTF_exon_records
HNRNPA1L2	NM_001389320	Not_found_in_canonical_GTF_exon_records
HNRNPA1L3	NM_001396241	Not_found_in_canonical_GTF_exon_records
HNRNPCL3	NM_001382358	Not_found_in_canonical_GTF_exon_records
HNRNPCL4	NM_001302551	Not_found_in_canonical_GTF_exon_records
HOTAIR	NR_186241	Not_found_in_canonical_GTF_exon_records
HRURF	NM_001394132	Not_found_in_canonical_GTF_exon_records
HS6ST2	NM_001394073	Not_found_in_canonical_GTF_exon_records
HTT	NM_001388492	Not_found_in_canonical_GTF_exon_records
HTT-AS	NR_185914	Not_found_in_canonical_GTF_exon_records
HYCC1	NM_032581	Not_found_in_canonical_GTF_exon_records
HYCC2	NM_001321623	Not_found_in_canonical_GTF_exon_records
IFI27	NM_001130080	Not_found_in_canonical_GTF_exon_records
IFNL4	NM_001276254	Not_found_in_canonical_GTF_exon_records
IFT25	NM_016126	Not_found_in_canonical_GTF_exon_records
IFT56	NM_024926	Not_found_in_canonical_GTF_exon_records
IFT70A	NM_152275	Not_found_in_canonical_GTF_exon_records
IFT70B	NM_152517	Not_found_in_canonical_GTF_exon_records
IGBP1C	NM_001395966	Not_found_in_canonical_GTF_exon_records
IKBKB-DT	NR_185843	Not_found_in_canonical_GTF_exon_records
IL12A	NM_001397992	Not_found_in_canonical_GTF_exon_records
IL18RAP	NM_001393487	Not_found_in_canonical_GTF_exon_records
IL34	NM_001393494	Not_found_in_canonical_GTF_exon_records
INCA1	NM_001394789	Not_found_in_canonical_GTF_exon_records
INTS14	NM_001394796	Not_found_in_canonical_GTF_exon_records
INTS15	NM_024067	Not_found_in_canonical_GTF_exon_records
IQCF3	NM_001393887	Not_found_in_canonical_GTF_exon_records
KALRN	NM_001388419	Not_found_in_canonical_GTF_exon_records
KANTR	NM_001397448	Not_found_in_canonical_GTF_exon_records
KAT14	NM_001392073	Not_found_in_canonical_GTF_exon_records
KCNJ18	NM_001194958	Not_found_in_canonical_GTF_exon_records
KDM4F	NM_001413755	Not_found_in_canonical_GTF_exon_records
KGD4	NM_033281	Not_found_in_canonical_GTF_exon_records
KIAA0513	NM_001388359	Not_found_in_canonical_GTF_exon_records
KIAA1210	NM_001394962	Not_found_in_canonical_GTF_exon_records
KICS2	NM_152440	Not_found_in_canonical_GTF_exon_records
KIF12	NM_001388308	Not_found_in_canonical_GTF_exon_records
KIR2DL2	NM_014219	Not_found_in_canonical_GTF_exon_records
KIR2DL5A	NM_020535	Not_found_in_canonical_GTF_exon_records
KIR2DL5B	NM_001018081	Not_found_in_canonical_GTF_exon_records
KIR2DS1	NM_014512	Not_found_in_canonical_GTF_exon_records
KIR2DS2	NM_012312	Not_found_in_canonical_GTF_exon_records
KIR2DS3	NM_012313	Not_found_in_canonical_GTF_exon_records
KIR2DS4	NM_012314	Not_found_in_canonical_GTF_exon_records
KIR2DS5	NM_014513	Not_found_in_canonical_GTF_exon_records
KLC1	NM_001394837	Not_found_in_canonical_GTF_exon_records
KLF12	NM_001400136	Not_found_in_canonical_GTF_exon_records
KPLCE	NM_001024679	Not_found_in_canonical_GTF_exon_records
KRBOX5	NM_001130913	Not_found_in_canonical_GTF_exon_records
KRT40	NM_001389244	Not_found_in_canonical_GTF_exon_records
KRTAP4-16	NM_001396067	Not_found_in_canonical_GTF_exon_records
KRTAP6-3	NM_001433434	Not_found_in_canonical_GTF_exon_records
KSR1	NM_001394583	Not_found_in_canonical_GTF_exon_records
LASP1NB	NM_001414697	Not_found_in_canonical_GTF_exon_records
LCE7A	NM_001395990	Not_found_in_canonical_GTF_exon_records
LCN9	NM_001393661	Not_found_in_canonical_GTF_exon_records
LCORL	NM_001394446	Not_found_in_canonical_GTF_exon_records
LDAF1	NM_001301771	Not_found_in_canonical_GTF_exon_records
LENEP	NM_001394530	Not_found_in_canonical_GTF_exon_records
LHFPL7	NM_001388199	Not_found_in_canonical_GTF_exon_records
LIAT1	NM_001013672	Not_found_in_canonical_GTF_exon_records
LILRA3	NM_006865	Not_found_in_canonical_GTF_exon_records
LILRA6	NM_024318	Not_found_in_canonical_GTF_exon_records
LIMS3	NM_001394901	Not_found_in_canonical_GTF_exon_records
LINC00237	NR_190203	Not_found_in_canonical_GTF_exon_records
LINC00305	NR_190189	Not_found_in_canonical_GTF_exon_records
LINC00632	NR_173140	Not_found_in_canonical_GTF_exon_records
LINC01488	NR_185875	Not_found_in_canonical_GTF_exon_records
LINC02747	NR_184307	Not_found_in_canonical_GTF_exon_records
LITAFD	NM_001395433	Not_found_in_canonical_GTF_exon_records
LMTK3	NM_001388485	Not_found_in_canonical_GTF_exon_records
LOC102724250	NM_001405530	Not_found_in_canonical_GTF_exon_records
LOC102725023	NM_001360171	Not_found_in_canonical_GTF_exon_records
LOC110384692	NM_001352000	Not_found_in_canonical_GTF_exon_records
LOC112267897	NM_001395920	Not_found_in_canonical_GTF_exon_records
LOC122319696	NM_001395872	Not_found_in_canonical_GTF_exon_records
LOC122394732	NM_001395917	Not_found_in_canonical_GTF_exon_records
LOC122455340	NM_001395962	Not_found_in_canonical_GTF_exon_records
LOC122455342	NM_001395979	Not_found_in_canonical_GTF_exon_records
LOC122513141	NM_001395982	Not_found_in_canonical_GTF_exon_records
LOC122526780	NM_001396008	Not_found_in_canonical_GTF_exon_records
LOC122539214	NM_001396016	Not_found_in_canonical_GTF_exon_records
LOC127898562	NM_001414702	Not_found_in_canonical_GTF_exon_records
LOC127898563	NM_001414704	Not_found_in_canonical_GTF_exon_records
LOC127903862	NM_001414722	Not_found_in_canonical_GTF_exon_records
LOC127933115	NM_001414725	Not_found_in_canonical_GTF_exon_records
LOC128031832	NM_001414727	Not_found_in_canonical_GTF_exon_records
LOC128031833	NM_001414729	Not_found_in_canonical_GTF_exon_records
LOC128031834	NM_001414731	Not_found_in_canonical_GTF_exon_records
LOC128031835	NM_001414736	Not_found_in_canonical_GTF_exon_records
LOC128031836	NM_001414738	Not_found_in_canonical_GTF_exon_records
LOC128031837	NM_001414739	Not_found_in_canonical_GTF_exon_records
LOC128071544	NM_001414892	Not_found_in_canonical_GTF_exon_records
LOC128071545	NM_001414893	Not_found_in_canonical_GTF_exon_records
LOC128071547	NM_001414895	Not_found_in_canonical_GTF_exon_records
LOC128092246	NM_001414897	Not_found_in_canonical_GTF_exon_records
LOC128092247	NM_001414898	Not_found_in_canonical_GTF_exon_records
LOC128092248	NM_001414901	Not_found_in_canonical_GTF_exon_records
LOC128092249	NM_001414902	Not_found_in_canonical_GTF_exon_records
LOC128092250	NM_001414935	Not_found_in_canonical_GTF_exon_records
LOC128092251	NM_001414942	Not_found_in_canonical_GTF_exon_records
LOC128092252	NM_001414947	Not_found_in_canonical_GTF_exon_records
LOC128092253	NM_001414965	Not_found_in_canonical_GTF_exon_records
LOC128125814	NM_001414991	Not_found_in_canonical_GTF_exon_records
LOC128125816	NM_001414998	Not_found_in_canonical_GTF_exon_records
LOC128125818	NM_001415001	Not_found_in_canonical_GTF_exon_records
LOC128125822	NM_001415059	Not_found_in_canonical_GTF_exon_records
LOC128462377	NM_001416403	Not_found_in_canonical_GTF_exon_records
LOC128706665	NM_001394148	Not_found_in_canonical_GTF_exon_records
LOC128706666	NM_001394149	Not_found_in_canonical_GTF_exon_records
LOC131768270	NM_001394034	Not_found_in_canonical_GTF_exon_records
LOC728743	NM_001395976	Not_found_in_canonical_GTF_exon_records
LPAR2	NM_001395660	Not_found_in_canonical_GTF_exon_records
LRRC51	NM_145309	Not_found_in_canonical_GTF_exon_records
LRRC9	NM_001395648	Not_found_in_canonical_GTF_exon_records
LUZP1	NM_001395462	Not_found_in_canonical_GTF_exon_records
LY6S	NM_001406478	Not_found_in_canonical_GTF_exon_records
LYSET	NM_001098621	Not_found_in_canonical_GTF_exon_records
MACF1	NM_001394062	Not_found_in_canonical_GTF_exon_records
MAGEB6B	NM_001396029	Not_found_in_canonical_GTF_exon_records
MAIP1	NM_001394955	Not_found_in_canonical_GTF_exon_records
MAP4K4	NM_001395002	Not_found_in_canonical_GTF_exon_records
MAP7D1	NM_001388490	Not_found_in_canonical_GTF_exon_records
MAPDA	NM_001324366	Not_found_in_canonical_GTF_exon_records
MARCHF1	NM_001394959	Not_found_in_canonical_GTF_exon_records
MAST3	NM_001393504	Not_found_in_canonical_GTF_exon_records
MATCAP1	NM_001040715	Not_found_in_canonical_GTF_exon_records
MATCAP2	NM_001199706	Not_found_in_canonical_GTF_exon_records
MATN4	NM_001393530	Not_found_in_canonical_GTF_exon_records
MBD3L1	NM_001393532	Not_found_in_canonical_GTF_exon_records
MCTS2	NM_001397496	Not_found_in_canonical_GTF_exon_records
MED12L	NM_001393769	Not_found_in_canonical_GTF_exon_records
MEG3	NR_190993	Not_found_in_canonical_GTF_exon_records
METTL13	NM_015935	Not_found_in_canonical_GTF_exon_records
METTL25B	NM_015997	Not_found_in_canonical_GTF_exon_records
MGA	NM_001400225	Not_found_in_canonical_GTF_exon_records
MIGA1	NM_001416120	Not_found_in_canonical_GTF_exon_records
MIR17HG	NR_197388	Not_found_in_canonical_GTF_exon_records
MIR2052HG	NR_197229	Not_found_in_canonical_GTF_exon_records
MISFA	NM_001355570	Not_found_in_canonical_GTF_exon_records
MIURF	NM_001414695	Not_found_in_canonical_GTF_exon_records
MIX23	NM_001017928	Not_found_in_canonical_GTF_exon_records
MOBP	NM_001393704	Not_found_in_canonical_GTF_exon_records
MRFAP1L2	NM_138699	Not_found_in_canonical_GTF_exon_records
MRGPRX1	NM_001393578	Not_found_in_canonical_GTF_exon_records
MROH2A	NM_001394639	Not_found_in_canonical_GTF_exon_records
MROH5	NM_207414	Not_found_in_canonical_GTF_exon_records
MS4A4E	NM_001393391	Not_found_in_canonical_GTF_exon_records
MSANTD5	NM_001395436	Not_found_in_canonical_GTF_exon_records
MSANTD7	NM_001378785	Not_found_in_canonical_GTF_exon_records
MSL3B	NM_001425333	Not_found_in_canonical_GTF_exon_records
MTCL1	NM_001395333	Not_found_in_canonical_GTF_exon_records
MTCL2	NM_080627	Not_found_in_canonical_GTF_exon_records
MTCL3	NM_001400265	Not_found_in_canonical_GTF_exon_records
MTNAP1	NM_001351264	Not_found_in_canonical_GTF_exon_records
MTRFR	NM_152269	Not_found_in_canonical_GTF_exon_records
MUC16	NM_001401501	Not_found_in_canonical_GTF_exon_records
MUC22	NM_001395414	Not_found_in_canonical_GTF_exon_records
MYL11	NM_013292	Not_found_in_canonical_GTF_exon_records
MYO15B	NM_001395058	Not_found_in_canonical_GTF_exon_records
MYO7B	NM_001393586	Not_found_in_canonical_GTF_exon_records
MYOCOS	NM_001391940	Not_found_in_canonical_GTF_exon_records
NALF1	NM_001080396	Not_found_in_canonical_GTF_exon_records
NALF2	NM_015686	Not_found_in_canonical_GTF_exon_records
NAV1	NM_001389617	Not_found_in_canonical_GTF_exon_records
NBPF1	NM_001405666	Not_found_in_canonical_GTF_exon_records
NBPF12	NM_001278141	Not_found_in_canonical_GTF_exon_records
NBPF14	NM_001395631	Not_found_in_canonical_GTF_exon_records
NBPF19	NM_001351365	Not_found_in_canonical_GTF_exon_records
NBPF20	NM_001397211	Not_found_in_canonical_GTF_exon_records
NBPF9	NM_001388367	Not_found_in_canonical_GTF_exon_records
NDUFA4L2	NM_001394961	Not_found_in_canonical_GTF_exon_records
NEK10	NM_001394966	Not_found_in_canonical_GTF_exon_records
NHERF1	NM_004252	Not_found_in_canonical_GTF_exon_records
NHERF2	NM_001130012	Not_found_in_canonical_GTF_exon_records
NHERF4	NM_001168468	Not_found_in_canonical_GTF_exon_records
NHSL3	NM_020888	Not_found_in_canonical_GTF_exon_records
NICOL1	NM_001168243	Not_found_in_canonical_GTF_exon_records
NKRF	NM_001417890	Not_found_in_canonical_GTF_exon_records
NLRP10	NM_001391958	Not_found_in_canonical_GTF_exon_records
NLRP11	NM_001394894	Not_found_in_canonical_GTF_exon_records
NMNAT3	NM_001401600	Not_found_in_canonical_GTF_exon_records
NOPCHAP1	NM_152318	Not_found_in_canonical_GTF_exon_records
NOTCH2NLB	NM_001364008	Not_found_in_canonical_GTF_exon_records
NOTCH2NLC	NM_001364013	Not_found_in_canonical_GTF_exon_records
NOTCH2NLR	NM_001396072	Not_found_in_canonical_GTF_exon_records
NPIPA2	NM_001395485	Not_found_in_canonical_GTF_exon_records
NPIPA3	NM_001395487	Not_found_in_canonical_GTF_exon_records
NPIPA6	NM_001423836	Not_found_in_canonical_GTF_exon_records
NPIPA9	NM_001405004	Not_found_in_canonical_GTF_exon_records
NPIPB12	NM_001395931	Not_found_in_canonical_GTF_exon_records
NPIPB13	NM_001395859	Not_found_in_canonical_GTF_exon_records
NPIPB2	NM_001396485	Not_found_in_canonical_GTF_exon_records
NPIPB5	NM_001395849	Not_found_in_canonical_GTF_exon_records
NPIPB6	NM_001395275	Not_found_in_canonical_GTF_exon_records
NPIPB7	NM_001396030	Not_found_in_canonical_GTF_exon_records
NPY4R2	NM_001395253	Not_found_in_canonical_GTF_exon_records
NR2F1-AS1	NR_186187	Not_found_in_canonical_GTF_exon_records
NT5DC4	NM_001393655	Not_found_in_canonical_GTF_exon_records
NTMT2	NM_001136107	Not_found_in_canonical_GTF_exon_records
NUDT4B	NM_001355407	Not_found_in_canonical_GTF_exon_records
NXPE1	NM_001395504	Not_found_in_canonical_GTF_exon_records
OOSP1	NM_001395276	Not_found_in_canonical_GTF_exon_records
OOSP3	NM_001395255	Not_found_in_canonical_GTF_exon_records
OOSP4A	NM_001395277	Not_found_in_canonical_GTF_exon_records
OOSP4B	NM_001395278	Not_found_in_canonical_GTF_exon_records
OPN1MW3	NM_001330067	Not_found_in_canonical_GTF_exon_records
OR10J4	NM_001348286	Not_found_in_canonical_GTF_exon_records
OR10R2	NM_001395749	Not_found_in_canonical_GTF_exon_records
OR11A1	NM_001394828	Not_found_in_canonical_GTF_exon_records
OR11H7	NM_001348273	Not_found_in_canonical_GTF_exon_records
OR14L1	NM_001396106	Not_found_in_canonical_GTF_exon_records
OR1R1P	NM_001396056	Not_found_in_canonical_GTF_exon_records
OR2AT4	NM_001405852	Not_found_in_canonical_GTF_exon_records
OR2I1P	NM_001396058	Not_found_in_canonical_GTF_exon_records
OR2L13	NM_001395936	Not_found_in_canonical_GTF_exon_records
OR4C45	NM_001005513	Not_found_in_canonical_GTF_exon_records
OR4F3	NM_001408386	Not_found_in_canonical_GTF_exon_records
OR4M2B	NM_001395296	Not_found_in_canonical_GTF_exon_records
OR4N4C	NM_001365389	Not_found_in_canonical_GTF_exon_records
OR4P4	NM_001405919	Not_found_in_canonical_GTF_exon_records
OR4Q2	NM_001348271	Not_found_in_canonical_GTF_exon_records
OR4Q3	NM_001405963	Not_found_in_canonical_GTF_exon_records
OR51B5	NM_001395252	Not_found_in_canonical_GTF_exon_records
OR51C1P	NM_001396051	Not_found_in_canonical_GTF_exon_records
OR52E1	NM_001348221	Not_found_in_canonical_GTF_exon_records
OR52I2	NM_001405760	Not_found_in_canonical_GTF_exon_records
OR56A1	NM_001388488	Not_found_in_canonical_GTF_exon_records
OR56B2P	NM_001396057	Not_found_in_canonical_GTF_exon_records
OR5AL1	NM_001348230	Not_found_in_canonical_GTF_exon_records
OR5BS1P	NM_001396061	Not_found_in_canonical_GTF_exon_records
OR5D3P	NM_001396059	Not_found_in_canonical_GTF_exon_records
OR6C3	NM_001388498	Not_found_in_canonical_GTF_exon_records
OR8G1	NM_001002905	Not_found_in_canonical_GTF_exon_records
OR8S1	NM_001390849	Not_found_in_canonical_GTF_exon_records
OR8U8	NM_001013356	Not_found_in_canonical_GTF_exon_records
OR8U9	NM_001013357	Not_found_in_canonical_GTF_exon_records
OR9G9	NM_001013358	Not_found_in_canonical_GTF_exon_records
PABIR3	NM_001388447	Not_found_in_canonical_GTF_exon_records
PAK6	NM_001395430	Not_found_in_canonical_GTF_exon_records
PALS1	NM_022474	Not_found_in_canonical_GTF_exon_records
PALS2	NM_001303037	Not_found_in_canonical_GTF_exon_records
PBRM1	NM_001405607	Not_found_in_canonical_GTF_exon_records
PCDH11Y	NM_001395587	Not_found_in_canonical_GTF_exon_records
PDE4DIP	NM_001395426	Not_found_in_canonical_GTF_exon_records
PERM1	NM_001394713	Not_found_in_canonical_GTF_exon_records
PHAF1	NM_025187	Not_found_in_canonical_GTF_exon_records
PHB1	NM_002634	Not_found_in_canonical_GTF_exon_records
PHTF2	NM_001395272	Not_found_in_canonical_GTF_exon_records
PIERCE1	NM_001048265	Not_found_in_canonical_GTF_exon_records
PIERCE2	NM_001198784	Not_found_in_canonical_GTF_exon_records
PLA2G2A	NM_001395463	Not_found_in_canonical_GTF_exon_records
PLA2G4E	NM_001395548	Not_found_in_canonical_GTF_exon_records
PLCXD2	NM_001413064	Not_found_in_canonical_GTF_exon_records
PLEKHS1	NM_001395068	Not_found_in_canonical_GTF_exon_records
PLPPR2	NM_001393892	Not_found_in_canonical_GTF_exon_records
PLSCR2	NM_001395437	Not_found_in_canonical_GTF_exon_records
PMIS2	NM_001395412	Not_found_in_canonical_GTF_exon_records
PNLIPRP2	NM_005396	Not_found_in_canonical_GTF_exon_records
POLGARF	NM_001430120	Not_found_in_canonical_GTF_exon_records
POR	NM_001395413	Not_found_in_canonical_GTF_exon_records
POTEB3	NM_207355	Not_found_in_canonical_GTF_exon_records
POU2AF2	NM_198498	Not_found_in_canonical_GTF_exon_records
POU2AF3	NM_001271458	Not_found_in_canonical_GTF_exon_records
POU2F2	NM_001394376	Not_found_in_canonical_GTF_exon_records
PPIP5K1	NM_001394395	Not_found_in_canonical_GTF_exon_records
PRAMEF22	NM_001100631	Not_found_in_canonical_GTF_exon_records
PRAMEF26	NM_001306072	Not_found_in_canonical_GTF_exon_records
PRAMEF9	NM_001010890	Not_found_in_canonical_GTF_exon_records
PRB3	NM_001394862	Not_found_in_canonical_GTF_exon_records
PRDM2	NM_001393986	Not_found_in_canonical_GTF_exon_records
PRH1	NM_001393989	Not_found_in_canonical_GTF_exon_records
PRP4K	NM_003913	Not_found_in_canonical_GTF_exon_records
PRR23E	NM_001007534	Not_found_in_canonical_GTF_exon_records
PRR33	NM_001395380	Not_found_in_canonical_GTF_exon_records
PRRT1B	NM_001395643	Not_found_in_canonical_GTF_exon_records
PRSS2	NM_002770	Not_found_in_canonical_GTF_exon_records
PRSS41	NM_001395501	Not_found_in_canonical_GTF_exon_records
PTGR3	NM_175907	Not_found_in_canonical_GTF_exon_records
PTOV1	NM_001394010	Not_found_in_canonical_GTF_exon_records
PVRIG	NM_001397246	Not_found_in_canonical_GTF_exon_records
PVT1	NR_190187	Not_found_in_canonical_GTF_exon_records
PWWP4	NM_001395996	Not_found_in_canonical_GTF_exon_records
PYY	NM_001394028	Not_found_in_canonical_GTF_exon_records
QNG1	NM_032307	Not_found_in_canonical_GTF_exon_records
QRICH2	NM_001388453	Not_found_in_canonical_GTF_exon_records
R3HDM2	NM_001394031	Not_found_in_canonical_GTF_exon_records
RAB7B	NM_001164522	Not_found_in_canonical_GTF_exon_records
RAET1E	NM_001394057	Not_found_in_canonical_GTF_exon_records
RAMACL	NM_001395999	Not_found_in_canonical_GTF_exon_records
RAPGEF2	NM_001394067	Not_found_in_canonical_GTF_exon_records
RASSF8	NM_001394098	Not_found_in_canonical_GTF_exon_records
REDIC1	NM_001031748	Not_found_in_canonical_GTF_exon_records
RFPL2	NM_001394555	Not_found_in_canonical_GTF_exon_records
RGS12	NM_001394154	Not_found_in_canonical_GTF_exon_records
RGS3	NM_001394167	Not_found_in_canonical_GTF_exon_records
RIGI	NM_014314	Not_found_in_canonical_GTF_exon_records
RIMBP2	NM_001393629	Not_found_in_canonical_GTF_exon_records
RIMOC1	NM_175921	Not_found_in_canonical_GTF_exon_records
RLIG1	NM_001009894	Not_found_in_canonical_GTF_exon_records
RMST	NR_186063	Not_found_in_canonical_GTF_exon_records
RNASE11	NM_001394190	Not_found_in_canonical_GTF_exon_records
RNF228	NM_001395871	Not_found_in_canonical_GTF_exon_records
ROBO2	NM_001395656	Not_found_in_canonical_GTF_exon_records
RPSA2	NM_001355283	Not_found_in_canonical_GTF_exon_records
RTL4	NM_001395362	Not_found_in_canonical_GTF_exon_records
RTL5	NM_001405151	Not_found_in_canonical_GTF_exon_records
S100A5	NM_001394232	Not_found_in_canonical_GTF_exon_records
SAMMSON	NR_190186	Not_found_in_canonical_GTF_exon_records
SAMTOR	NM_152556	Not_found_in_canonical_GTF_exon_records
SANBR	NM_001129993	Not_found_in_canonical_GTF_exon_records
SAXO3	NM_001396011	Not_found_in_canonical_GTF_exon_records
SAXO4	NM_145017	Not_found_in_canonical_GTF_exon_records
SAXO5	NM_198534	Not_found_in_canonical_GTF_exon_records
SCAND3	NM_052923	Not_found_in_canonical_GTF_exon_records
SCART1	NM_001396050	Not_found_in_canonical_GTF_exon_records
SCGB1C2	NM_001097610	Not_found_in_canonical_GTF_exon_records
SCMH1	NM_001394311	Not_found_in_canonical_GTF_exon_records
SCPPPQ1	NM_001405228	Not_found_in_canonical_GTF_exon_records
SCYGR1	NM_001395402	Not_found_in_canonical_GTF_exon_records
SCYGR2	NM_001395403	Not_found_in_canonical_GTF_exon_records
SCYGR3	NM_001395404	Not_found_in_canonical_GTF_exon_records
SCYGR4	NM_001395405	Not_found_in_canonical_GTF_exon_records
SCYGR5	NM_001395406	Not_found_in_canonical_GTF_exon_records
SCYGR6	NM_001395407	Not_found_in_canonical_GTF_exon_records
SCYGR7	NM_001395408	Not_found_in_canonical_GTF_exon_records
SCYGR8	NM_001395409	Not_found_in_canonical_GTF_exon_records
SDR42E2	NM_001394319	Not_found_in_canonical_GTF_exon_records
SERPINA2	NM_006220	Not_found_in_canonical_GTF_exon_records
SH2D6	NM_001394463	Not_found_in_canonical_GTF_exon_records
SH3PXD2A	NM_001394015	Not_found_in_canonical_GTF_exon_records
SHF	NM_001394037	Not_found_in_canonical_GTF_exon_records
SKIC2	NM_006929	Not_found_in_canonical_GTF_exon_records
SKIC3	NM_014639	Not_found_in_canonical_GTF_exon_records
SKIC8	NM_025234	Not_found_in_canonical_GTF_exon_records
SLX9	NM_058190	Not_found_in_canonical_GTF_exon_records
SMCO2	NM_001395208	Not_found_in_canonical_GTF_exon_records
SMIM10L3	NM_001395995	Not_found_in_canonical_GTF_exon_records
SMIM11	NM_058182	Not_found_in_canonical_GTF_exon_records
SMIM34	NM_001367348	Not_found_in_canonical_GTF_exon_records
SMIM35	NM_001394165	Not_found_in_canonical_GTF_exon_records
SMIM36	NM_001395421	Not_found_in_canonical_GTF_exon_records
SMIM39	NM_001414894	Not_found_in_canonical_GTF_exon_records
SMIM42	NM_001395415	Not_found_in_canonical_GTF_exon_records
SMIM44	NM_001395954	Not_found_in_canonical_GTF_exon_records
SMIM45	NM_001395940	Not_found_in_canonical_GTF_exon_records
SMIM46	NM_001414411	Not_found_in_canonical_GTF_exon_records
SMIM47	NM_001384597	Not_found_in_canonical_GTF_exon_records
SMN-AS1	NR_185500	Not_found_in_canonical_GTF_exon_records
SNHG17	NR_185934	Not_found_in_canonical_GTF_exon_records
SNORC	NM_001394206	Not_found_in_canonical_GTF_exon_records
SNURF	NM_001394334	Not_found_in_canonical_GTF_exon_records
SORBS2	NM_001395207	Not_found_in_canonical_GTF_exon_records
SORL1-AS1	NR_183636	Not_found_in_canonical_GTF_exon_records
SPACA5	NM_001394298	Not_found_in_canonical_GTF_exon_records
SPACDR	NM_001004323	Not_found_in_canonical_GTF_exon_records
SPADH	NM_001364461	Not_found_in_canonical_GTF_exon_records
SPAG11A	NM_001395484	Not_found_in_canonical_GTF_exon_records
SPANXC	NM_022661	Not_found_in_canonical_GTF_exon_records
SPATA1	NM_001397487	Not_found_in_canonical_GTF_exon_records
SPATA31F1	NM_001141917	Not_found_in_canonical_GTF_exon_records
SPATA31F3	NM_001309427	Not_found_in_canonical_GTF_exon_records
SPATA31G1	NM_203299	Not_found_in_canonical_GTF_exon_records
SPATA31H1	NM_032266	Not_found_in_canonical_GTF_exon_records
SPDYE10	NM_001382505	Not_found_in_canonical_GTF_exon_records
SPDYE11	NM_001351349	Not_found_in_canonical_GTF_exon_records
SPDYE12	NM_001382555	Not_found_in_canonical_GTF_exon_records
SPDYE14	NM_001394940	Not_found_in_canonical_GTF_exon_records
SPDYE16	NM_001394943	Not_found_in_canonical_GTF_exon_records
SPDYE17	NM_001351351	Not_found_in_canonical_GTF_exon_records
SPDYE18	NM_001394953	Not_found_in_canonical_GTF_exon_records
SPDYE2	NM_001396242	Not_found_in_canonical_GTF_exon_records
SPDYE4	NM_001394956	Not_found_in_canonical_GTF_exon_records
SPMAP1	NM_001080465	Not_found_in_canonical_GTF_exon_records
SPMAP2	NM_016585	Not_found_in_canonical_GTF_exon_records
SPMAP2L	NM_001256475	Not_found_in_canonical_GTF_exon_records
SPMIP1	NM_001195150	Not_found_in_canonical_GTF_exon_records
SPMIP10	NM_207408	Not_found_in_canonical_GTF_exon_records
SPMIP11	NM_001351123	Not_found_in_canonical_GTF_exon_records
SPMIP2	NM_152543	Not_found_in_canonical_GTF_exon_records
SPMIP3	NM_001012970	Not_found_in_canonical_GTF_exon_records
SPMIP4	NM_138811	Not_found_in_canonical_GTF_exon_records
SPMIP5	NM_001350931	Not_found_in_canonical_GTF_exon_records
SPMIP6	NM_032596	Not_found_in_canonical_GTF_exon_records
SPMIP7	NM_001161834	Not_found_in_canonical_GTF_exon_records
SPMIP8	NM_199456	Not_found_in_canonical_GTF_exon_records
SPMIP9	NM_152670	Not_found_in_canonical_GTF_exon_records
SPRED3	NM_001394336	Not_found_in_canonical_GTF_exon_records
SPRN	NM_001391974	Not_found_in_canonical_GTF_exon_records
SPRR5	NM_001395435	Not_found_in_canonical_GTF_exon_records
SSU72L1	NM_001413998	Not_found_in_canonical_GTF_exon_records
SSU72L2	NM_001413999	Not_found_in_canonical_GTF_exon_records
SSU72L3	NM_001414000	Not_found_in_canonical_GTF_exon_records
SSU72L4	NM_001414001	Not_found_in_canonical_GTF_exon_records
SSU72L5	NM_001414002	Not_found_in_canonical_GTF_exon_records
SSU72L6	NM_001414004	Not_found_in_canonical_GTF_exon_records
STEEP1	NM_022101	Not_found_in_canonical_GTF_exon_records
STON2	NM_001394390	Not_found_in_canonical_GTF_exon_records
STRA8	NM_001394401	Not_found_in_canonical_GTF_exon_records
STXBP6	NM_001394410	Not_found_in_canonical_GTF_exon_records
SYT15B	NM_001370184	Not_found_in_canonical_GTF_exon_records
SYT8	NM_001394072	Not_found_in_canonical_GTF_exon_records
TAF11L10	NM_001401685	Not_found_in_canonical_GTF_exon_records
TAF11L11	NM_001423534	Not_found_in_canonical_GTF_exon_records
TAF11L12	NM_001423536	Not_found_in_canonical_GTF_exon_records
TAF11L13	NM_001401695	Not_found_in_canonical_GTF_exon_records
TAF11L14	NM_001401687	Not_found_in_canonical_GTF_exon_records
TAF11L2	NM_001401696	Not_found_in_canonical_GTF_exon_records
TAF11L3	NM_001401700	Not_found_in_canonical_GTF_exon_records
TAF11L4	NM_001401697	Not_found_in_canonical_GTF_exon_records
TAF11L5	NM_001401699	Not_found_in_canonical_GTF_exon_records
TAF11L6	NM_001401698	Not_found_in_canonical_GTF_exon_records
TAF11L7	NM_001401679	Not_found_in_canonical_GTF_exon_records
TAF11L8	NM_001401681	Not_found_in_canonical_GTF_exon_records
TAF11L9	NM_001401693	Not_found_in_canonical_GTF_exon_records
TAFAZZIN	NM_000116	Not_found_in_canonical_GTF_exon_records
TANC2	NM_001394998	Not_found_in_canonical_GTF_exon_records
TAS2R45	NM_176886	Not_found_in_canonical_GTF_exon_records
TBC1D1	NM_001396959	Not_found_in_canonical_GTF_exon_records
TBC1D26	NM_001388465	Not_found_in_canonical_GTF_exon_records
TBC1D3D	NM_001291465	Not_found_in_canonical_GTF_exon_records
TBC1D3E	NM_001291466	Not_found_in_canonical_GTF_exon_records
TBC1D3G	NM_001291462	Not_found_in_canonical_GTF_exon_records
TBC1D3I	NM_001291463	Not_found_in_canonical_GTF_exon_records
TBC1D3K	NM_001291464	Not_found_in_canonical_GTF_exon_records
TBKBP1	NM_001394755	Not_found_in_canonical_GTF_exon_records
TCP11X1	NM_001405026	Not_found_in_canonical_GTF_exon_records
TCP11X2	NM_001405027	Not_found_in_canonical_GTF_exon_records
TDRD1	NM_001395205	Not_found_in_canonical_GTF_exon_records
TEKTIP1	NM_001135580	Not_found_in_canonical_GTF_exon_records
TEKTL1	NM_173482	Not_found_in_canonical_GTF_exon_records
TENM2	NM_001395460	Not_found_in_canonical_GTF_exon_records
TEX28	NM_001586	Not_found_in_canonical_GTF_exon_records
TEX54	NM_001395459	Not_found_in_canonical_GTF_exon_records
TEX9	NM_001395496	Not_found_in_canonical_GTF_exon_records
TGFBR3L	NM_001419781	Not_found_in_canonical_GTF_exon_records
TIMM17B	NM_001395498	Not_found_in_canonical_GTF_exon_records
TINCR	NM_001396408	Not_found_in_canonical_GTF_exon_records
TMA7B	NM_001396013	Not_found_in_canonical_GTF_exon_records
TMEM191C	NM_001388354	Not_found_in_canonical_GTF_exon_records
TMEM200C	NM_001395400	Not_found_in_canonical_GTF_exon_records
TMEM217B	NM_001395378	Not_found_in_canonical_GTF_exon_records
TMEM235	NM_001395503	Not_found_in_canonical_GTF_exon_records
TMEM238L	NM_001388428	Not_found_in_canonical_GTF_exon_records
TMEM247	NM_001424184	Not_found_in_canonical_GTF_exon_records
TMEM253	NM_001395467	Not_found_in_canonical_GTF_exon_records
TMEM275	NM_001396071	Not_found_in_canonical_GTF_exon_records
TMEM276	NM_032687	Not_found_in_canonical_GTF_exon_records
TMPRSS7	NM_001395507	Not_found_in_canonical_GTF_exon_records
TMPRSS9	NM_001395513	Not_found_in_canonical_GTF_exon_records
TMSB15C	NM_001395930	Not_found_in_canonical_GTF_exon_records
TMT1A	NM_014033	Not_found_in_canonical_GTF_exon_records
TMT1B	NM_152637	Not_found_in_canonical_GTF_exon_records
TOMT	NM_001393500	Not_found_in_canonical_GTF_exon_records
TOP6BL	NM_001302084	Not_found_in_canonical_GTF_exon_records
TP53TG3E	NM_001330061	Not_found_in_canonical_GTF_exon_records
TP53TG3F	NM_001330066	Not_found_in_canonical_GTF_exon_records
TPRX1	NM_001397346	Not_found_in_canonical_GTF_exon_records
TPRX2	NM_001397347	Not_found_in_canonical_GTF_exon_records
TPTE2	NM_001395978	Not_found_in_canonical_GTF_exon_records
TRERF1	NM_001395490	Not_found_in_canonical_GTF_exon_records
TRIM51G	NM_001396075	Not_found_in_canonical_GTF_exon_records
TRIM61	NM_001414904	Not_found_in_canonical_GTF_exon_records
TRIM75	NM_001396070	Not_found_in_canonical_GTF_exon_records
TSPY9	NM_001396063	Not_found_in_canonical_GTF_exon_records
TTLL13	NM_001396017	Not_found_in_canonical_GTF_exon_records
TUG1	NM_001396518	Not_found_in_canonical_GTF_exon_records
TUNAR	NM_001416131	Not_found_in_canonical_GTF_exon_records
TXNDC8	NM_001424031	Not_found_in_canonical_GTF_exon_records
UBE2NL	NM_001012989	Not_found_in_canonical_GTF_exon_records
UBXN11	NM_001389556	Not_found_in_canonical_GTF_exon_records
UFSP1	NM_001430944	Not_found_in_canonical_GTF_exon_records
UNC79	NM_001395159	Not_found_in_canonical_GTF_exon_records
UQCC4	NM_001272051	Not_found_in_canonical_GTF_exon_records
UQCC5	NM_001124767	Not_found_in_canonical_GTF_exon_records
UQCC6	NM_001135570	Not_found_in_canonical_GTF_exon_records
USP54	NM_001391956	Not_found_in_canonical_GTF_exon_records
VCF1	NM_001098832	Not_found_in_canonical_GTF_exon_records
VCF2	NM_001166701	Not_found_in_canonical_GTF_exon_records
VCX	NM_001393662	Not_found_in_canonical_GTF_exon_records
VDAC2	NM_001391963	Not_found_in_canonical_GTF_exon_records
VN1R5	NM_173858	Not_found_in_canonical_GTF_exon_records
VWA5B2	NM_001390846	Not_found_in_canonical_GTF_exon_records
WDFY4	NM_001394531	Not_found_in_canonical_GTF_exon_records
XNDC1N	NM_001375847	Not_found_in_canonical_GTF_exon_records
YJU2B	NM_030818	Not_found_in_canonical_GTF_exon_records
ZBED6	NM_001395895	Not_found_in_canonical_GTF_exon_records
ZC3H11C	NM_001271675	Not_found_in_canonical_GTF_exon_records
ZFTA	NM_001144936	Not_found_in_canonical_GTF_exon_records
ZFTRAF1	NM_001330618	Not_found_in_canonical_GTF_exon_records
ZGLP1	NM_001409033	Not_found_in_canonical_GTF_exon_records
ZMAT1	NM_001394560	Not_found_in_canonical_GTF_exon_records
ZNF185	NM_001395254	Not_found_in_canonical_GTF_exon_records
ZNF385C	NM_001392013	Not_found_in_canonical_GTF_exon_records
ZNF475	NM_001195535	Not_found_in_canonical_GTF_exon_records
ZNF550	NM_001397372	Not_found_in_canonical_GTF_exon_records
ZNF593OS	NM_001395468	Not_found_in_canonical_GTF_exon_records
ZNF722	NM_001396012	Not_found_in_canonical_GTF_exon_records
ZNF746	NM_001394198	Not_found_in_canonical_GTF_exon_records
ZNF888	NM_001393938	Not_found_in_canonical_GTF_exon_records
ZNF892	NM_001395961	Not_found_in_canonical_GTF_exon_records
ZNG1A	NM_018491	Not_found_in_canonical_GTF_exon_records
ZNG1B	NM_172003	Not_found_in_canonical_GTF_exon_records
ZNG1C	NM_201453	Not_found_in_canonical_GTF_exon_records
ZNG1E	NM_001330668	Not_found_in_canonical_GTF_exon_records
ZNG1F	NM_001085457	Not_found_in_canonical_GTF_exon_records
